id,word
1,<sos>
2,<eos>
3,<unk>
4,<
5,u
6,r
7,l
8,>
9,h
10,t
11,p
12,:
13,/
14,w
15,.
16,e
17,d
18,c
19,o
20,m
21,a
22,k
23,s
24,v
25,i
26,_
27,g
28,n
29,f
30,y
31,","
32,T
33,E
34,D
35,C
36,b
37,G
38,3
39,4
40,深
41,海
42,中
43,的
44,生
45,命
46,－
47,大
48,卫
49,盖
50,罗
51,通
52,过
53,潜
54,水
55,艇
56,拍
57,下
58,影
59,片
60,把
61,我
62,们
63,带
64,到
65,了
66,地
67,球
68,最
69,黑
70,暗
71,，
72,险
73,恶
74,同
75,时
76,也
77,美
78,丽
79,物
80,栖
81,息
82,。
83,这
84,里
85,是
86,洋
87,处
88,峡
89,谷
90,和
91,火
92,山
93,脊
94,怪
95,诞
96,适
97,应
98,力
99,强
100,而
101,且
102,数
103,量
104,惊
105,人
106,：
107,位
108,比
109,尔
110,兰
111,格
112,将
113,用
114,一
115,些
116,来
117,讲
118,述
119,故
120,事
121,有
122,不
123,少
124,精
125,彩
126,泰
127,坦
128,尼
129,克
130,可
131,惜
132,您
133,今
134,天
135,看
136,号
137,拿
138,票
139,房
140,冠
141,军
142,但
143,实
144,上
145,它
146,并
147,关
148,于
149,刺
150,激
151,原
152,因
153,在
154,直
155,没
156,当
157,回
158,儿
159,家
160,想
161,占
162,面
163,积
164,7
165,5
166,％
167,部
168,分
169,都
170,平
171,均
172,度
173,两
174,英
175,你
176,站
177,滩
178,或
179,图
180,像
181,着
182,么
183,蓝
184,色
185,泛
186,光
187,断
188,变
189,动
190,会
191,浪
192,波
193,涛
194,又
195,涨
196,潮
197,却
198,知
199,道
200,底
201,什
202,其
203,长
204,脉
205,活
206,多
207,震
208,喷
209,发
210,样
211,性
212,密
213,要
214,雨
215,林
216,还
217,高
218,基
219,本
220,被
221,开
222,景
223,吸
224,引
225,所
226,熟
227,告
228,诉
229,边
230,对
231,个
232,完
233,全
234,陌
235,世
236,界
237,得
238,非
239,常
240,特
241,殊
242,仪
243,器
244,才
245,能
246,达
247,那
248,A
249,摄
250,机
251,索
252,共
253,研
254,马
255,塞
256,普
257,鲁
258,斯
259,说
260,""""
261,真
262,正
263,探
264,之
265,旅
266,为
267,新
268,现
269,找
270,视
271,角
272,合
273,作
274,帮
275,仅
276,哪
277,已
278,经
279,存
280,观
281,重
282,认
283,识
284,身
285,只
286,母
287,喜
288,欢
289,以
290,伸
291,展
292,1
293,0
294,尺
295,东
296,西
297,吗
298,？
299,鱼
300,饵
301,浮
302,摇
303,晃
304,旋
305,转
306,触
307,种
308,群
309,由
310,单
311,独
312,结
313,起
314,就
315,成
316,前
317,推
318,进
319,擎
320,如
321,果
322,类
323,放
324,端
325,然
326,后
327,状
328,另
329,x
330,翼
331,死
332,亡
333,荧
334,伴
335,侣
336,食
337,交
338,流
339,办
340,法
341,从
342,档
343,案
344,介
345,绍
346,小
347,形
348,各
349,异
350,忘
351,好
352,几
353,三
354,百
355,很
356,解
357,往
358,太
359,微
360,维
361,空
362,间
363,定
364,听
365,巨
366,型
367,章
368,张
369,6
370,究
371,透
372,爱
373,八
374,爪
375,穿
376,脑
377,袋
378,耳
379,朵
380,摆
381,优
382,雅
383,向
384,游
385,甚
386,至
387,贴
388,近
389,眼
390,睛
391,窗
392,口
393,给
394,见
395,子
396,点
397,公
398,鸡
399,脸
400,！
401,科
402,学
403,据
404,收
405,集
406,做
407,让
408,第
409,手
410,材
411,料
412,环
413,境
414,获
415,取
416,他
417,网
418,捕
419,察
420,控
421,制
422,杆
423,坐
424,电
425,移
426,央
427,顶
428,走
429,遍
430,加
431,勒
432,洲
433,北
434,纬
435,九
436,声
437,纳
438,右
439,悬
440,崖
441,侧
442,阿
443,卑
444,千
445,万
446,更
447,终
448,具
449,代
450,表
451,叫
452,杰
453,森
454,遥
455,驾
456,驶
457,行
458,伍
459,兹
460,霍
461,希
462,望
463,伙
464,虚
465,拟
466,未
467,曾
468,背
469,掘
470,验
471,室
472,滴
473,音
474,象
475,化
476,块
477,相
478,出
479,方
480,热
481,泉
482,团
483,硫
484,氫
485,液
486,体
487,轴
488,华
489,氏
490,五
491,六
492,七
493,十
494,年
495,座
496,质
497,心
498,周
499,围
500,假
501,运
502,入
503,床
504,裂
505,缝
506,岩
507,浆
508,汇
509,氢
510,含
511,初
512,根
513,烟
514,囱
515,涌
516,白
517,细
518,菌
519,8
520,温
521,思
522,议
523,始
524,冒
525,自
526,内
527,源
528,供
529,养
530,居
531,压
532,每
533,磅
534,离
535,任
536,何
537,阳
538,照
539,射
540,支
541,撑
542,式
543,管
544,蠕
545,虫
546,消
547,系
548,统
549,嘴
550,腮
551,组
552,织
553,氧
554,气
555,吞
556,靠
557,再
558,简
559,糖
560,份
561,螃
562,蟹
563,钳
564,住
565,碰
566,缩
567,去
568,恩
569,厉
570,害
571,旦
572,壳
573,指
574,甲
575,技
576,术
577,极
578,脚
579,概
580,2
581,头
582,左
583,沸
584,冰
585,雌
586,雄
587,久
588,打
589,斗
590,漆
591,除
592,线
593,外
594,列
595,次
596,区
597,域
598,9
599,问
600,题
601,工
602,采
603,破
604,条
605,吃
606,足
607,够
608,乐
609,罐
610,虾
611,骚
612,扰
613,怜
614,反
615,抗
616,嗷
617,似
618,奇
619,割
620,丝
621,毛
622,红
623,腹
624,镭
625,灯
626,感
627,觉
628,远
629,粘
630,石
631,扒
632,柱
633,层
634,楼
635,难
636,置
637,信
638,鬼
639,魅
640,毫
641,需
642,记
643,际
644,官
645,辐
646,距
647,称
648,即
649,使
650,此
651,刻
652,尝
653,试
654,示
655,清
656,晰
657,画
658,沿
659,滑
660,稽
661,盘
662,蜷
663,塔
664,致
665,剧
666,毒
667,倾
668,倒
669,己
670,磺
671,酸
672,速
673,努
674,许
675,演
676,刚
677,尽
678,短
679,延
680,续
681,态
682,稳
683,亿
684,场
685,尾
686,等
687,释
688,跃
689,星
690,期
691,路
692,隔
693,闭
694,迁
695,摧
696,毁
697,谈
698,快
699,否
700,敏
701,呢
702,脆
703,弱
704,束
705,沉
706,寻
707,候
708,历
709,史
710,纪
711,录
712,节
713,奏
714,陆
715,拢
716,失
717,川
718,厄
719,诺
720,灾
721,响
722,突
723,停
724,明
725,谱
726,荒
727,唐
728,怎
729,习
730,掌
731,握
732,保
733,则
734,徒
735,劳
736,护
737,谢
738,=
739,L
740,N
741,z
742,S
743,K
744,蒂
745,夫
746,凯
747,利
748,亚
749,与
750,-
751,玩
752,耍
753,启
754,首
755,菲
756,乡
757,严
758,文
759,呼
760,唤
761,振
762,兴
763,济
764,教
765,育
766,社
767,段
768,省
769,塑
770,职
771,校
772,鸣
773,目
774,革
775,揭
776,竿
777,纵
778,情
779,歌
780,唱
781,选
782,择
783,幸
784,先
785,义
786,谓
787,考
788,急
789,─
790,；
791,厌
792,烦
793,受
794,施
795,倦
796,名
797,窘
798,恰
799,创
800,欧
801,民
802,族
803,医
804,疗
805,福
806,证
807,盟
808,国
809,排
810,整
811,垫
812,糟
813,糕
814,版
815,《
816,》
817,读
818,P
819,言
820,悲
821,催
822,报
823,阅
824,、
825,商
826,业
827,者
828,主
829,企
830,提
831,岗
832,税
833,贡
834,献
835,坏
836,%
837,抱
838,差
839,败
840,涂
841,血
842,淋
843,朋
844,友
845,凭
846,捏
847,造
848,针
849,阴
850,谋
851,切
852,显
853,易
854,碎
855,操
856,必
857,须
858,改
859,该
860,待
861,某
862,裹
863,错
864,婴
865,孩
866,童
867,摒
868,弃
869,产
870,益
871,意
872,遭
873,践
874,踏
875,构
876,求
877,肃
878,（
879,众
880,鼓
881,）
882,园
883,批
884,评
885,泥
886,к
887,а
888,л
889,语
890,危
891,老
892,训
893,练
894,蔓
895,爸
896,素
897,笑
898,况
899,步
900,女
901,二
902,哦
903,吼
904,偷
905,闲
906,喝
907,咖
908,啡
909,别
910,她
911,病
912,传
913,染
914,木
915,脱
916,接
917,领
918,残
919,守
920,旧
921,乎
922,注
923,搬
924,硬
925,套
926,墨
927,陈
928,规
929,判
930,狗
931,屎
932,堂
933,休
934,哈
935,钟
936,岁
937,啊
938,孽
939,确
940,械
941,螺
942,钉
943,安
944,钻
945,孔
946,遗
947,憾
948,资
949,丢
950,品
951,专
952,横
953,算
954,板
955,懂
956,罪
957,犯
958,装
959,痴
960,设
961,计
962,骤
963,遵
964,苛
965,笔
966,聊
967,Q
968,布
969,限
970,趣
971,论
972,落
973,驳
974,谬
975,蠢
976,载
977,乃
978,善
979,效
980,征
981,淘
982,汰
983,留
984,竞
985,争
986,笨
987,服
988,务
989,例
990,蚂
991,蚁
992,秩
993,序
994,鼠
995,拥
996,猫
997,咪
998,无
999,仍
1000,猎
1001,互
1002,熊
1003,项
1004,联
1005,越
1006,豚
1007,谁
1008,答
1009,肤
1010,宗
1011,酷
1012,泯
1013,娱
1014,奥
1015,匹
1016,员
1017,跳
1018,舞
1019,亲
1020,吻
1021,追
1022,逐
1023,闹
1024,势
1025,扁
1026,桃
1027,腺
1028,绪
1029,神
1030,增
1031,促
1032,皮
1033,决
1034,策
1035,话
1036,瞎
1037,掰
1038,冷
1039,睁
1040,俱
1041,权
1042,缺
1043,缚
1044,院
1045,艺
1046,曲
1047,蹈
1048,橄
1049,榄
1050,惨
1051,换
1052,欲
1053,诸
1054,总
1055,容
1056,羞
1057,愧
1058,肯
1059,摸
1060,免
1061,卖
1062,词
1063,迫
1064,敢
1065,标
1066,键
1067,味
1068,雪
1069,愉
1070,酣
1071,畅
1072,漓
1073,灵
1074,丹
1075,妙
1076,药
1077,庆
1078,举
1079,邦
1080,递
1081,润
1082,顾
1083,客
1084,棒
1085,良
1086,购
1087,买
1088,荐
1089,减
1090,低
1091,门
1092,厚
1093,包
1094,括
1095,励
1096,协
1097,早
1098,班
1099,户
1100,队
1101,干
1102,氛
1103,零
1104,崇
1105,超
1106,佳
1107,雇
1108,榜
1109,卷
1110,立
1111,析
1112,偏
1113,阻
1114,止
1115,请
1116,享
1117,月
1118,升
1119,吧
1120,骑
1121,车
1122,戏
1123,锋
1124,燃
1125,嘿
1126,鲜
1127,聘
1128,建
1129,挑
1130,战
1131,威
1132,贯
1133,导
1134,恐
1135,惧
1136,敌
1137,私
1138,随
1139,午
1140,餐
1141,充
1142,约
1143,瓶
1144,啤
1145,酒
1146,菜
1147,风
1148,投
1149,啥
1150,件
1151,苦
1152,啦
1153,崛
1154,日
1155,煽
1156,功
1157,四
1158,奔
1159,孤
1160,携
1161,肩
1162,播
1163,q
1164,衡
1165,I
1166,测
1167,助
1168,价
1169,及
1170,艰
1171,辛
1172,弄
1173,估
1174,O
1175,较
1176,政
1177,毕
1178,程
1179,赶
1180,扩
1181,持
1182,降
1183,准
1184,韩
1185,跟
1186,富
1187,汗
1188,局
1189,花
1190,街
1191,招
1192,复
1193,理
1194,末
1195,按
1196,逻
1197,辑
1198,检
1199,备
1200,预
1201,烈
1202,稍
1203,值
1204,黄
1205,般
1206,绿
1207,南
1208,坡
1209,芬
1210,龄
1211,阶
1212,智
1213,半
1214,青
1215,依
1216,讨
1217,埋
1218,挤
1219,绩
1220,配
1221,辩
1222,牺
1223,牲
1224,庸
1225,秀
1226,妥
1227,模
1228,搞
1229,楚
1230,泡
1231,钱
1232,费
1233,卢
1234,堡
1235,刀
1236,划
1237,贫
1238,穷
1239,财
1240,师
1241,金
1242,拉
1243,书
1244,付
1245,额
1246,课
1247,令
1248,幅
1249,扪
1250,既
1251,昂
1252,贵
1253,祖
1254,德
1255,若
1256,府
1257,仰
1258,范
1259,譬
1260,幼
1261,庭
1262,妇
1263,送
1264,疏
1265,忽
1266,措
1267,担
1268,倍
1269,印
1270,葡
1271,萄
1272,牙
1273,巩
1274,固
1275,散
1276,匈
1277,怨
1278,承
1279,?
1280,典
1281,轻
1282,级
1283,律
1284,媒
1285,袖
1286,市
1287,途
1288,念
1289,映
1290,父
1291,元
1292,负
1293,培
1294,困
1295,挣
1296,扎
1297,率
1298,核
1299,架
1300,径
1301,僚
1302,宣
1303,勃
1304,慧
1305,桥
1306,梁
1307,执
1308,责
1309,勇
1310,挺
1311,调
1312,连
1313,补
1314,墓
1315,满
1316,借
1317,础
1318,Z
1319,B
1320,R
1321,闻
1322,纸
1323,隐
1324,藏
1325,参
1326,搜
1327,飞
1328,丛
1329,雾
1330,委
1331,撰
1332,写
1333,页
1334,审
1335,逾
1336,云
1337,洛
1338,杉
1339,矶
1340,剑
1341,农
1342,博
1343,士
1344,狭
1345,窄
1346,寥
1347,戊
1348,烯
1349,堆
1350,烷
1351,余
1352,U
1353,H
1354,烧
1355,便
1356,竟
1357,野
1358,监
1359,挂
1360,F
1361,M
1362,旗
1363,搭
1364,乘
1365,棚
1366,树
1367,荫
1368,米
1369,河
1370,舱
1371,媲
1372,累
1373,篇
1374,斑
1375,摘
1376,W
1377,Y
1378,扫
1379,描
1380,磁
1381,痛
1382,句
1383,嗨
1384,双
1385,皇
1386,巡
1387,挥
1388,敬
1389,仿
1390,臂
1391,肌
1392,肉
1393,编
1394,窥
1395,梭
1396,攻
1397,击
1398,彼
1399,侵
1400,剖
1401,瞄
1402,秒
1403,治
1404,慢
1405,疼
1406,字
1407,剂
1408,临
1409,骇
1410,·
1411,龙
1412,迹
1413,—
1414,叙
1415,忆
1416,男
1417,伟
1418,牧
1419,壁
1420,绘
1421,寓
1422,骨
1423,渐
1424,俗
1425,冲
1426,输
1427,跨
1428,哲
1429,涉
1430,莱
1431,坞
1432,呈
1433,趋
1434,王
1435,忧
1436,虑
1437,乏
1438,讽
1439,瘠
1440,涵
1441,躁
1442,村
1443,庄
1444,V
1445,迅
1446,轮
1447,托
1448,卡
1449,灼
1450,窟
1451,梦
1452,租
1453,厅
1454,佣
1455,洗
1456,胶
1457,怀
1458,幕
1459,帚
1460,翁
1461,衰
1462,季
1463,盛
1464,顿
1465,弗
1466,颂
1467,扬
1468,礼
1469,羁
1470,荣
1471,彻
1472,夜
1473,挠
1474,欣
1475,慰
1476,睡
1477,眠
1478,捍
1479,詹
1480,姆
1481,旺
1482,饭
1483,店
1484,屠
1485,杀
1486,泪
1487,尖
1488,锐
1489,武
1490,永
1491,醒
1492,丰
1493,剥
1494,夺
1495,弘
1496,埃
1497,悉
1498,忌
1499,幻
1500,详
1501,杂
1502,稿
1503,誉
1504,虽
1505,继
1506,卓
1507,沟
1508,伊
1509,朗
1510,鲨
1511,暴
1512,逃
1513,船
1514,抛
1515,啸
1516,姑
1517,赤
1518,桌
1519,跑
1520,警
1521,匪
1522,姐
1523,妹
1524,遇
1525,喂
1526,饱
1527,匆
1528,忙
1529,丈
1530,裙
1531,褶
1532,躲
1533,伦
1534,敦
1535,尘
1536,封
1537,默
1538,妮
1539,志
1540,胜
1541,粹
1542,偶
1543,姨
1544,腕
1545,纯
1546,粗
1547,糙
1548,仙
1549,踪
1550,颗
1551,尊
1552,汀
1553,丁
1554,融
1555,筑
1556,砖
1557,汤
1558,汉
1559,宇
1560,航
1561,吉
1562,甘
1563,芙
1564,莎
1565,莉
1566,聚
1567,著
1568,吵
1569,渴
1570,蛮
1571,J
1572,j
1573,盈
1574,台
1575,码
1576,宜
1577,愿
1578,旨
1579,附
1580,营
1581,纽
1582,猜
1583,归
1584,[
1585,]
1586,沮
1587,丧
1588,唯
1589,莫
1590,植
1591,土
1592,城
1593,软
1594,湿
1595,拆
1596,胞
1597,敲
1598,循
1599,废
1600,垃
1601,圾
1602,怖
1603,歉
1604,沙
1605,漠
1606,签
1607,署
1608,佛
1609,络
1610,瞥
1611,邻
1612,扔
1613,唾
1614,瓢
1615,龟
1616,鲟
1617,酱
1618,枪
1619,寿
1620,司
1621,羊
1622,乳
1623,酪
1624,麦
1625,酵
1626,污
1627,赞
1628,拯
1629,救
1630,哨
1631,•
1632,查
1633,拈
1634,绎
1635,莲
1636,宴
1637,吹
1638,荷
1639,胖
1640,呀
1641,屋
1642,怒
1643,派
1644,岳
1645,圣
1646,鼻
1647,驯
1648,鹿
1649,晚
1650,赛
1651,锦
1652,州
1653,赢
1654,…
1655,衔
1656,京
1657,赚
1658,辞
1659,呃
1660,觑
1661,呵
1662,惯
1663,曼
1664,肖
1665,燥
1666,們
1667,防
1668,伞
1669,渗
1670,爽
1671,煤
1672,渣
1673,圆
1674,蜡
1675,汽
1676,弧
1677,扇
1678,挡
1679,玻
1680,璃
1681,粒
1682,顺
1683,混
1684,凝
1685,油
1686,框
1687,怕
1688,覆
1689,隙
1690,撞
1691,桨
1692,银
1693,绞
1694,汁
1695,奋
1696,腐
1697,蚀
1698,洁
1699,［
1700,］
1701,允
1702,窃
1703,欺
1704,骗
1705,捉
1706,伤
1707,烫
1708,绷
1709,撕
1710,掉
1711,瞬
1712,紧
1713,抓
1714,恨
1715,患
1716,伯
1717,抽
1718,匠
1719,虎
1720,嘎
1721,吱
1722,阵
1723,误
1724,腿
1725,缓
1726,恢
1727,弊
1728,股
1729,爆
1730,丑
1731,诱
1732,惩
1733,罚
1734,碗
1735,符
1736,奸
1737,齿
1738,蒙
1739,诫
1740,诵
1741,虔
1742,诚
1743,誓
1744,麻
1745,箱
1746,钞
1747,币
1748,替
1749,旁
1750,铅
1751,柜
1752,疑
1753,召
1754,馈
1755,胆
1756,衣
1757,梅
1758,隆
1759,丘
1760,貉
1761,尤
1762,侪
1763,扭
1764,衍
1765,券
1766,健
1767,康
1768,折
1769,磨
1770,薪
1771,阐
1772,宏
1773,奉
1774,迈
1775,吁
1776,涯
1777,惠
1778,抵
1779,厂
1780,予
1781,坚
1782,翻
1783,综
1784,圈
1785,溢
1786,驱
1787,硅
1788,巧
1789,漂
1790,俄
1791,亥
1792,哥
1793,歇
1794,萧
1795,偿
1796,障
1797,碍
1798,嗯
1799,销
1800,摊
1801,略
1802,+
1803,授
1804,胎
1805,广
1806,聆
1807,弦
1808,滚
1809,琴
1810,谐
1811,籁
1812,肢
1813,邀
1814,馆
1815,款
1816,疲
1817,颇
1818,豆
1819,擒
1820,摁
1821,钮
1822,拓
1823,萨
1824,钢
1825,疾
1826,／
1827,症
1828,呆
1829,挚
1830,镜
1831,榻
1832,愈
1833,帕
1834,抑
1835,郁
1836,悠
1837,锻
1838,炼
1839,捷
1840,疯
1841,狂
1842,鲍
1843,籍
1844,赠
1845,盏
1846,吊
1847,弓
1848,拨
1849,撩
1850,古
1851,腊
1852,聪
1853,避
1854,齐
1855,盒
1856,墙
1857,抹
1858,摩
1859,弹
1860,嘉
1861,宾
1862,庞
1863,巴
1864,迪
1865,迄
1866,瘫
1867,松
1868,属
1869,鹰
1870,呜
1871,谦
1872,屏
1873,瓦
1874,凹
1875,凸
1876,吐
1877,'
1878,跌
1879,)
1880,拖
1881,添
1882,赫
1883,繁
1884,翰
1885,乌
1886,冈
1887,契
1888,嚷
1889,喊
1890,咏
1891,叹
1892,池
1893,孕
1894,静
1895,礴
1896,悄
1897,淹
1898,爵
1899,乔
1900,嘈
1901,饮
1902,屈
1903,绝
1904,畔
1905,嘻
1906,篮
1907,谣
1908,浑
1909,辆
1910,&
1911,;
1912,频
1913,宽
1914,碟
1915,督
1916,聋
1917,枝
1918,皆
1919,登
1920,鸟
1921,浓
1922,蹦
1923,乱
1924,草
1925,雀
1926,嘤
1927,田
1928,岸
1929,茂
1930,猩
1931,廊
1932,悦
1933,漫
1934,填
1935,幽
1936,兄
1937,弟
1938,谎
1939,诧
1940,缘
1941,逼
1942,痘
1943,踢
1944,耻
1945,辱
1946,尴
1947,尬
1948,懦
1949,胳
1950,膊
1951,膏
1952,损
1953,厢
1954,沓
1955,嘲
1956,垮
1957,峰
1958,忍
1959,逆
1960,狱
1961,哭
1962,蔑
1963,禁
1964,胡
1965,春
1966,艾
1967,货
1968,迟
1969,枚
1970,轰
1971,炸
1972,悔
1973,哇
1974,讶
1975,妻
1976,绕
1977,瞧
1978,拾
1979,愚
1980,傻
1981,帜
1982,踩
1983,娘
1984,访
1985,谨
1986,慎
1987,露
1988,渠
1989,斥
1990,!
1991,黎
1992,嫩
1993,浏
1994,览
1995,兵
1996,拜
1997,慕
1998,澄
1999,稚
2000,役
2001,俩
2002,涤
2003,铭
2004,熔
2005,绵
2006,炉
2007,湾
2008,昨
2009,淡
2010,酬
2011,岛
2012,储
2013,库
2014,稀
2015,苯
2016,乙
2017,醇
2018,酯
2019,丙
2020,退
2021,寒
2022,夏
2023,夷
2024,礁
2025,觅
2026,胃
2027,鹅
2028,扣
2029,胁
2030,颜
2031,佩
2032,玛
2033,戴
2034,帽
2035,涡
2036,链
2037,丸
2038,尸
2039,寸
2040,贩
2041,孙
2042,修
2043,净
2044,渺
2045,茫
2046,滤
2047,耗
2048,吨
2049,粮
2050,烹
2051,饪
2052,赖
2053,睹
2054,貌
2055,奶
2056,饥
2057,饿
2058,顷
2059,垦
2060,耕
2061,盐
2062,碱
2063,珍
2064,肥
2065,贸
2066,庙
2067,殿
2068,鉴
2069,迦
2070,帝
2071,牡
2072,蛎
2073,晤
2074,戚
2075,捞
2076,仔
2077,荡
2078,港
2079,臭
2080,苏
2081,禽
2082,帆
2083,鞋
2084,牛
2085,铁
2086,猪
2087,夕
2088,宰
2089,奢
2090,侈
2091,郊
2092,匿
2093,蛋
2094,蔬
2095,镇
2096,泽
2097,沃
2098,壤
2099,勾
2100,瑞
2101,筝
2102,柔
2103,逝
2104,恋
2105,攀
2106,寂
2107,巅
2108,冬
2109,噢
2110,祈
2111,祷
2112,矗
2113,蒸
2114,饰
2115,尚
2116,猛
2117,截
2118,茅
2119,铝
2120,剪
2121,纠
2122,薄
2123,弯
2124,贝
2125,铺
2126,X
2127,谜
2128,噩
2129,秘
2130,醉
2131,瞌
2132,肿
2133,瘤
2134,炎
2135,羽
2136,迥
2137,淆
2138,亮
2139,摔
2140,缠
2141,诊
2142,紫
2143,僵
2144,痪
2145,肘
2146,膀
2147,焰
2148,熄
2149,灭
2150,锤
2151,拇
2152,髓
2153,棕
2154,歪
2155,桶
2156,枯
2157,舒
2158,粉
2159,枢
2160,拧
2161,娜
2162,耶
2163,羡
2164,岭
2165,勘
2166,碳
2167,舶
2168,轨
2169,珊
2170,瑚
2171,挽
2172,渔
2173,蔚
2174,娅
2175,蕴
2176,饶
2177,藻
2178,鳗
2179,卵
2180,倡
2181,辖
2182,袤
2183,磷
2184,艘
2185,鲸
2186,凡
2187,订
2188,阔
2189,钩
2190,灰
2191,鹱
2192,盆
2193,雷
2194,焦
2195,赋
2196,洞
2197,趟
2198,赌
2199,疫
2200,苗
2201,肺
2202,浩
2203,遏
2204,哎
2205,陷
2206,肆
2207,擅
2208,痹
2209,疹
2210,劣
2211,跋
2212,援
2213,扶
2214,蚊
2215,帐
2216,御
2217,疟
2218,顽
2219,暂
2220,爬
2221,拐
2222,杖
2223,蓄
2224,穆
2225,劲
2226,辉
2227,煌
2228,恍
2229,惚
2230,茨
2231,筹
2232,慷
2233,慨
2234,祝
2235,撼
2236,邮
2237,寄
2238,返
2239,址
2240,杯
2241,裤
2242,逛
2243,售
2244,尿
2245,戒
2246,串
2247,颤
2248,抖
2249,婚
2250,魂
2251,膝
2252,跪
2253,捡
2254,妈
2255,亏
2256,烛
2257,琼
2258,灌
2259,虐
2260,壮
2261,愤
2262,吩
2263,咐
2264,蜜
2265,啼
2266,泣
2267,涕
2268,抬
2269,亨
2270,葬
2271,轿
2272,畏
2273,徘
2274,徊
2275,裸
2276,闯
2277,裆
2278,朝
2279,矛
2280,盾
2281,馅
2282,抚
2283,绑
2284,胸
2285,锁
2286,姿
2287,耽
2288,趾
2289,屁
2290,瓜
2291,烂
2292,恒
2293,迷
2294,熏
2295,陶
2296,葛
2297,忠
2298,盗
2299,歼
2300,亦
2301,拳
2302,榴
2303,崭
2304,搏
2305,咒
2306,诗
2307,瘦
2308,肚
2309,搓
2310,疤
2311,巾
2312,舍
2313,脏
2314,擦
2315,贼
2316,嘛
2317,琢
2318,棉
2319,姻
2320,妒
2321,拒
2322,珠
2323,插
2324,辈
2325,肮
2326,申
2327,纤
2328,慈
2329,呗
2330,叶
2331,闷
2332,辍
2333,津
2334,婆
2335,宙
2336,苍
2337,膨
2338,胀
2339,辽
2340,於
2341,叠
2342,霹
2343,雳
2344,韦
2345,雏
2346,囿
2347,册
2348,搅
2349,佐
2350,麽
2351,昭
2352,囗
2353,祸
2354,礙
2355,衷
2356,甜
2357,(
2358,硕
2359,驻
2360,缆
2361,癌
2362,肾
2363,挫
2364,罕
2365,澳
2366,诡
2367,萎
2368,犹
2369,豫
2370,峻
2371,喻
2372,漏
2373,撤
2374,伐
2375,湛
2376,妳
2377,奖
2378,剩
2379,溉
2380,斤
2381,匮
2382,驭
2383,魔
2384,账
2385,滞
2386,盲
2387,玉
2388,瞠
2389,舌
2390,沛
2391,扼
2392,哀
2393,悼
2394,捐
2395,湖
2396,芝
2397,仓
2398,廉
2399,届
2400,狠
2401,趴
2402,叮
2403,嘱
2404,腾
2405,扑
2406,狙
2407,拼
2408,迎
2409,兽
2410,耀
2411,晨
2412,删
2413,兼
2414,溯
2415,副
2416,宿
2417,咨
2418,询
2419,恼
2420,恃
2421,紊
2422,抉
2423,胺
2424,冥
2425,宫
2426,冻
2427,熬
2428,挖
2429,哼
2430,惑
2431,拌
2432,烤
2433,蛙
2434,鹤
2435,乖
2436,渡
2437,澡
2438,豪
2439,é
2440,酝
2441,酿
2442,妆
2443,溺
2444,鸭
2445,嫌
2446,橱
2447,瑜
2448,伽
2449,淫
2450,浸
2451,铃
2452,耐
2453,陪
2454,窍
2455,敷
2456,竭
2457,蓬
2458,玫
2459,瑰
2460,椅
2461,肠
2462,灸
2463,刊
2464,亭
2465,卧
2466,挪
2467,嫉
2468,莓
2469,殆
2470,恳
2471,吓
2472,藤
2473,讯
2474,彪
2475,悍
2476,垒
2477,碌
2478,贬
2479,懒
2480,颠
2481,梳
2482,巷
2483,李
2484,滋
2485,柏
2486,瑟
2487,牌
2488,洪
2489,旱
2490,琳
2491,飓
2492,缅
2493,甸
2494,乍
2495,译
2496,矿
2497,赔
2498,拱
2499,孟
2500,洼
2501,宠
2502,梯
2503,贷
2504,暑
2505,凉
2506,湄
2507,噪
2508,厦
2509,滥
2510,袭
2511,堤
2512,坝
2513,稠
2514,徙
2515,韧
2516,栏
2517,恪
2518,伏
2519,缭
2520,艳
2521,懊
2522,杜
2523,幢
2524,棋
2525,晕
2526,栋
2527,樱
2528,兀
2529,赏
2530,泳
2531,–
2532,席
2533,狐
2534,狸
2535,妨
2536,仗
2537,罢
2538,逸
2539,碑
2540,槛
2541,撒
2542,酶
2543,朽
2544,胚
2545,螅
2546,暖
2547,爹
2548,香
2549,泊
2550,牦
2551,拔
2552,勺
2553,馁
2554,昆
2555,喘
2556,呛
2557,呕
2558,浅
2559,筋
2560,慌
2561,拽
2562,逊
2563,･
2564,腻
2565,殖
2566,晶
2567,蛇
2568,榨
2569,叉
2570,牢
2571,厨
2572,屉
2573,琦
2574,浴
2575,瓷
2576,疚
2577,維
2578,「
2579,」
2580,愄
2581,摰
2582,翠
2583,噬
2584,柴
2585,恕
2586,瓮
2587,窒
2588,敎
2589,茁
2590,漩
2591,咀
2592,嚼
2593,掺
2594,盯
2595,捆
2596,扯
2597,闪
2598,鳍
2599,兆
2600,井
2601,焊
2602,奈
2603,喀
2604,绳
2605,锯
2606,刮
2607,宝
2608,掩
2609,呱
2610,坠
2611,叛
2612,赴
2613,宁
2614,恻
2615,裁
2616,悟
2617,妖
2618,矮
2619,窪
2620,寺
2621,戈
2622,勉
2623,砰
2624,噻
2625,菱
2626,朦
2627,胧
2628,坛
2629,躬
2630,唔
2631,哔
2632,อ
2633,ร
2634,่
2635,ย
2636,霉
2637,搁
2638,晾
2639,宕
2640,苹
2641,拷
2642,堪
2643,缴
2644,$
2645,佯
2646,~
2647,矩
2648,垂
2649,秋
2650,鼎
2651,押
2652,韵
2653,诀
2654,卸
2655,喔
2656,函
2657,掷
2658,洽
2659,糊
2660,凌
2661,帖
2662,苟
2663,勤
2664,惭
2665,逢
2666,颓
2667,崩
2668,溃
2669,撬
2670,昏
2671,膛
2672,侯
2673,辣
2674,芭
2675,讪
2676,沼
2677,糗
2678,煎
2679,皿
2680,蔽
2681,浇
2682,瑕
2683,懈
2684,侦
2685,竹
2686,刁
2687,斐
2688,伪
2689,碧
2690,臆
2691,褐
2692,贤
2693,醍
2694,醐
2695,墟
2696,髦
2697,蟋
2698,蟀
2699,飘
2700,唏
2701,嘣
2702,【
2703,】
2704,喙
2705,叩
2706,辰
2707,荆
2708,棘
2709,谊
2710,瘾
2711,穹
2712,晖
2713,柬
2714,埔
2715,寨
2716,褪
2717,违
2718,腥
2719,彭
2720,夭
2721,渝
2722,贞
2723,亘
2724,芒
2725,厘
2726,崔
2727,靴
2728,俏
2729,掏
2730,岐
2731,杞
2732,劫
2733,捣
2734,躺
2735,玖
2736,嬉
2737,睬
2738,诅
2739,骂
2740,削
2741,亢
2742,晴
2743,刑
2744,囚
2745,枫
2746,棵
2747,株
2748,笼
2749,辅
2750,矫
2751,溪
2752,濒
2753,滨
2754,張
2755,廷
2756,炫
2757,掀
2758,锢
2759,颖
2760,凑
2761,刷
2762,辨
2763,腈
2764,箭
2765,骄
2766,傲
2767,帷
2768,蛊
2769,亟
2770,彗
2771,凶
2772,绒
2773,壶
2774,昵
2775,巫
2776,囊
2777,篷
2778,瀑
2779,罩
2780,盼
2781,陡
2782,瞭
2783,栓
2784,钛
2785,峭
2786,凿
2787,筒
2788,钓
2789,疮
2790,跄
2791,疽
2792,番
2793,厥
2794,眨
2795,颞
2796,鸦
2797,攒
2798,哮
2799,渉
2800,睾
2801,巢
2802,豹
2803,芳
2804,阉
2805,唑
2806,镑
2807,酚
2808,脂
2809,膜
2810,哺
2811,崽
2812,喇
2813,叭
2814,氟
2815,麝
2816,桑
2817,洒
2818,氯
2819,债
2820,澎
2821,湃
2822,祉
2823,辜
2824,皂
2825,榈
2826,砍
2827,遛
2828,仑
2829,咬
2830,罄
2831,诠
2832,镌
2833,绽
2834,鸿
2835,淌
2836,岔
2837,饼
2838,瑙
2839,夹
2840,纱
2841,汐
2842,惬
2843,喧
2844,捧
2845,夸
2846,舵
2847,痕
2848,缄
2849,稣
2850,旷
2851,・
2852,祭
2853,曳
2854,汲
2855,毯
2856,爷
2857,槟
2858,耸
2859,橇
2860,溜
2861,桅
2862,阱
2863,凳
2864,黏
2865,颚
2866,佷
2867,橡
2868,圭
2869,泼
2870,侄
2871,弥
2872,斜
2873,绢
2874,缸
2875,涅
2876,娃
2877,劝
2878,睦
2879,绅
2880,谭
2881,披
2882,秉
2883,蛭
2884,犸
2885,蝙
2886,蝠
2887,茹
2888,娄
2889,驼
2890,骆
2891,狮
2892,橙
2893,猴
2894,猿
2895,鲑
2896,狼
2897,贾
2898,蹄
2899,蟑
2900,螂
2901,翅
2902,芯
2903,蛾
2904,蛹
2905,坎
2906,咂
2907,硝
2908,肪
2909,缔
2910,廓
2911,砸
2912,灶
2913,罹
2914,狄
2915,刃
2916,簇
2917,斩
2918,簧
2919,盔
2920,颈
2921,毽
2922,﹐
2923,﹖
2924,哑
2925,鞭
2926,　
2927,．
2928,镰
2929,搐
2930,俯
2931,拘
2932,腱
2933,剔
2934,蝗
2935,粪
2936,江
2937,肴
2938,蚱
2939,蜢
2940,蜂
2941,茄
2942,胭
2943,裕
2944,畜
2945,饲
2946,泄
2947,氨
2948,霸
2949,挝
2950,傅
2951,朱
2952,缀
2953,党
2954,驰
2955,邪
2956,魁
2957,佃
2958,栽
2959,疵
2960,撇
2961,酋
2962,纷
2963,欠
2964,炭
2965,坍
2966,塌
2967,跷
2968,郎
2969,谍
2970,熙
2971,攘
2972,溶
2973,逗
2974,暇
2975,坂
2976,厕
2977,彰
2978,焚
2979,麒
2980,麟
2981,奎
2982,帘
2983,陋
2984,县
2985,骸
2986,骼
2987,笛
2988,镳
2989,锹
2990,镐
2991,辟
2992,犀
2993,轶
2994,惫
2995,怠
2996,砂
2997,嵌
2998,躯
2999,犬
3000,腔
3001,咔
3002,哒
3003,倘
3004,癫
3005,痫
3006,堵
3007,×
3008,橘
3009,嗅
3010,缜
3011,邓
3012,竖
3013,翩
3014,笃
3015,痒
3016,恤
3017,擞
3018,茶
3019,侠
3020,仁
3021,逍
3022,瘀
3023,箴
3024,雕
3025,羅
3026,奧
3027,裔
3028,畴
3029,滕
3030,睐
3031,履
3032,叔
3033,腰
3034,毅
3035,伶
3036,俐
3037,痣
3038,镯
3039,喃
3040,嫁
3041,歧
3042,抒
3043,吟
3044,棍
3045,瞪
3046,牠
3047,鹃
3048,惹
3049,舟
3050,惰
3051,仇
3052,姓
3053,僻
3054,垠
3055,薇
3056,柄
3057,兮
3058,荼
3059,屡
3060,彤
3061,禾
3062,烙
3063,吴
3064,莞
3065,槽
3066,吕
3067,靡
3068,晋
3069,楔
3070,烘
3071,扮
3072,君
3073,俘
3074,虏
3075,亵
3076,渎
3077,卒
3078,臊
3079,娴
3080,奴
3081,掳
3082,颁
3083,赐
3084,楷
3085,祀
3086,遂
3087,宪
3088,柯
3089,咱
3090,逮
3091,趁
3092,潘
3093,哟
3094,愁
3095,垄
3096,恭
3097,悖
3098,阀
3099,泵
3100,峨
3101,沾
3102,蝇
3103,纹
3104,曜
3105,狡
3106,猾
3107,芋
3108,穗
3109,蕊
3110,淀
3111,蝴
3112,蝶
3113,曝
3114,靶
3115,晒
3116,霜
3117,喚
3118,禀
3119,宵
3120,遣
3121,蕾
3122,囧
3123,蹩
3124,壑
3125,唠
3126,叨
3127,浦
3128,醋
3129,伎
3130,赁
3131,愫
3132,卦
3133,唇
3134,塘
3135,灿
3136,瞒
3137,筛
3138,咆
3139,珀
3140,棺
3141,暧
3142,茵
3143,兔
3144,揣
3145,牒
3146,掠
3147,弈
3148,皱
3149,@
3150,˙
3151,牵
3152,甄
3153,殴
3154,稻
3155,扳
3156,晓
3157,攫
3158,憎
3159,菊
3160,咫
3161,秃
3162,鹫
3163,悯
3164,铲
3165,挨
3166,咎
3167,僧
3168,隶
3169,蹲
3170,篱
3171,衫
3172,褴
3173,褛
3174,馨
3175,袍
3176,帅
3177,诶
3178,枕
3179,栗
3180,琐
3181,痉
3182,挛
3183,穴
3184,啮
3185,妃
3186,蕉
3187,拴
3188,魇
3189,梵
3190,抄
3191,棱
3192,谚
3193,桂
3194,淳
3195,朴
3196,侗
3197,疆
3198,簿
3199,侃
3200,喉
3201,铛
3202,扉
3203,绚
3204,诙
3205,痊
3206,彷
3207,徨
3208,雍
3209,妄
3210,蘑
3211,菇
3212,傍
3213,嗤
3214,昧
3215,羯
3216,嗜
3217,匣
3218,迸
3219,缮
3220,蔻
3221,墅
3222,孑
3223,诈
3224,蹂
3225,躏
3226,戮
3227,钥
3228,匙
3229,崎
3230,佑
3231,裘
3232,徳
3233,禧
3234,卜
3235,岂
3236,痢
3237,翔
3238,锌
3239,薛
3240,谔
3241,谛
3242,稼
3243,凛
3244,胰
3245,坑
3246,篝
3247,铸
3248,椎
3249,董
3250,蚤
3251,#
3252,蹊
3253,铜
3254,胥
3255,锅
3256,瓣
3257,矢
3258,迭
3259,纺
3260,為
3261,涩
3262,抢
3263,珉
3264,窝
3265,β
3266,萝
3267,傀
3268,儡
3269,蔡
3270,挞
3271,桔
3272,柿
3273,菠
3274,椰
3275,燕
3276,`
3277,栩
3278,眉
3279,眯
3280,刘
3281,孵
3282,俑
3283,铠
3284,凄
3285,磕
3286,炮
3287,嗡
3288,恸
3289,唧
3290,辗
3291,跤
3292,纲
3293,贪
3294,婪
3295,焕
3296,烬
3297,娶
3298,妓
3299,亩
3300,诽
3301,谤
3302,跛
3303,萦
3304,甩
3305,戛
3306,斓
3307,狩
3308,冉
3309,ì
3310,谧
3311,绮
3312,倚
3313,辙
3314,脾
3315,蔼
3316,✔
3317,杠
3318,铆
3319,寡
3320,宅
3321,坊
3322,玷
3323,柚
3324,娇
3325,俨
3326,缤
3327,蝎
3328,蛰
3329,绣
3330,拭
3331,迂
3332,冗
3333,晦
3334,唬
3335,捅
3336,瞅
3337,咄
3338,陵
3339,侏
3340,琥
3341,鸵
3342,钙
3343,鸽
3344,缪
3345,愕
3346,柳
3347,黛
3348,炒
3349,鱿
3350,俳
3351,塚
3352,菩
3353,嗬
3354,泌
3355,凱
3356,⋯
3357,酮
3358,刍
3359,芽
3360,孢
3361,嗑
3362,魨
3363,瞰
3364,鲾
3365,鲼
3366,锈
3367,锚
3368,蔗
3369,拙
3370,沦
3371,杨
3372,拂
3373,颊
3374,锥
3375,篡
3376,蜗
3377,甫
3378,遮
3379,卿
3380,聒
3381,剃
3382,钦
3383,匕
3384,煮
3385,泱
3386,乞
3387,募
3388,堕
3389,舆
3390,谴
3391,‧
3392,芜
3393,昔
3394,屿
3395,毗
3396,牟
3397,苔
3398,藓
3399,庇
3400,蜿
3401,蜒
3402,窜
3403,馬
3404,贿
3405,赂
3406,咸
3407,斋
3408,敞
3409,涎
3410,馏
3411,辫
3412,绸
3413,贮
3414,涸
3415,瞻
3416,痰
3417,砌
3418,Ⅱ
3419,贺
3420,呐
3421,猖
3422,獗
3423,妞
3424,藐
3425,冕
3426,盎
3427,羚
3428,懵
3429,奠
3430,噗
3431,棠
3432,®
3433,烩
3434,～
3435,龚
3436,孰
3437,椒
3438,淇
3439,酥
3440,屑
3441,潢
3442,鳄
3443,犁
3444,骡
3445,蒲
3446,虹
3447,倭
3448,颅
3449,浃
3450,肋
3451,儒
3452,毋
3453,昙
3454,蚕
3455,籽
3456,斧
3457,刨
3458,纂
3459,飙
3460,猬
3461,毙
3462,獾
3463,镀
3464,膳
3465,蔫
3466,琪
3467,陀
3468,茧
3469,咽
3470,捜
3471,脖
3472,掐
3473,阂
3474,姊
3475,谅
3476,芥
3477,琅
3478,萃
3479,粥
3480,郡
3481,坪
3482,钝
3483,侮
3484,纫
3485,＂
3486,沥
3487,凤
3488,凰
3489,桩
3490,坟
3491,讳
3492,羹
3493,肝
3494,滓
3495,缕
3496,禅
3497,鄙
3498,侍
3499,锡
3500,鼾
3501,醺
3502,衾
3503,帧
3504,馥
3505,茜
3506,殇
3507,勿
3508,肓
3509,赎
3510,ó
3511,蹋
3512,媚
3513,靓
3514,槌
3515,颧
3516,袱
3517,唉
3518,煞
3519,咦
3520,伺
3521,晷
3522,赘
3523,踌
3524,躇
3525,幌
3526,萌
3527,涝
3528,俚
3529,泻
3530,赃
3531,憋
3532,炊
3533,沫
3534,鳞
3535,鲤
3536,浊
3537,檐
3538,竣
3539,阁
3540,栅
3541,哗
3542,夥
3543,國
3544,旬
3545,诃
3546,镶
3547,赭
3548,椭
3549,£
3550,抨
3551,莊
3552,拦
3553,忡
3554,匀
3555,徽
3556,冀
3557,陨
3558,宛
3559,钴
3560,喈
3561,哩
3562,玄
3563,刹
3564,霎
3565,莽
3566,颏
3567,烁
3568,葵
3569,戳
3570,茎
3571,鳃
3572,惋
3573,葆
3574,嗓
3575,沐
3576,惕
3577,摈
3578,汞
3579,砷
3580,髋
3581,娩
3582,睿
3583,葱
3584,湮
3585,薯
3586,鄂
3587,赦
3588,舰
3589,秤
3590,啪
3591,曹
3592,瞳
3593,褂
3594,孱
3595,褒
3596,嚏
3597,攥
3598,氦
3599,鼬
3600,獭
3601,蚌
3602,蛆
3603,衬
3604,霄
3605,鳟
3606,叼
3607,炬
3608,炽
3609,茱
3610,袜
3611,壕
3612,隧
3613,怯
3614,蜘
3615,蛛
3616,裳
3617,躶
3618,澈
3619,绨
3620,悚
3621,咙
3622,蛀
3623,磐
3624,厩
3625,柠
3626,檬
3627,镁
3628,嘘
3629,锂
3630,資
3631,惟
3632,剽
3633,讼
3634,榭
3635,垣
3636,剁
3637,枭
3638,靛
3639,螨
3640,咯
3641,啄
3642,氮
3643,羔
3644,啃
3645,蚯
3646,蚓
3647,卤
3648,岚
3649,遨
3650,曙
3651,翱
3652,孚
3653,瀚
3654,漕
3655,谕
3656,¼
3657,祥
3658,鹞
3659,毂
3660,浣
3661,蟒
3662,萤
3663,黯
3664,婶
3665,榉
3666,腭
3667,纶
3668,渥
3669,昌
3670,潭
3671,奄
3672,舔
3673,啐
3674,鞠
3675,扛
3676,珈
3677,崴
3678,螈
3679,疡
3680,碾
3681,腌
3682,歹
3683,哄
3684,瞩
3685,遐
3686,霾
3687,赡
3688,孝
3689,學
3690,說
3691,殡
3692,澜
3693,蜚
3694,寝
3695,藉
3696,腓
3697,旭
3698,忿
3699,佬
3700,忏
3701,踝
3702,娟
3703,麓
3704,沧
3705,侬
3706,進
3707,幂
3708,敛
3709,９
3710,１
3711,兜
3712,鳌
3713,殉
3714,渲
3715,讥
3716,烊
3717,鳕
3718,酗
3719,揩
3720,锄
3721,钸
3722,冯
3723,婉
3724,囤
3725,镣
3726,杏
3727,倌
3728,筏
3729,ü
3730,枉
3731,徜
3732,徉
3733,旖
3734,旎
3735,魚
3736,冪
3737,©
3738,¾
3739,枷
3740,鬣
3741,惴
3742,臀
3743,佼
3744,闸
3745,璜
3746,讣
3747,乒
3748,乓
3749,踱
3750,»
3751,颌
3752,倪
3753,筷
3754,給
3755,茉
3756,贻
3757,壘
3758,€
3759,碘
3760,庶
3761,婊
3762,釉
3763,眩
3764,梆
3765,½
3766,怡
3767,寐
3768,踊
3769,憧
3770,憬
3771,纾
3772,襟
3773,衅
3774,笙
3775,踵
3776,岖
3777,颐
3778,羟
3779,胱
3780,暮
3781,迢
3782,臣
3783,愣
3784,褥
3785,悸
3786,蹴
3787,辄
3788,铰
3789,翌
3790,脐
3791,潦
3792,蜈
3793,蚣
3794,昼
3795,稔
3796,揉
3797,婿
3798,拮
3799,霓
3800,蝌
3801,蚪
3802,咳
3803,嗽
3804,嗝
3805,瘪
3806,噎
3807,渊
3808,貂
3809,牍
3810,圍
3811,粱
3812,舷
3813,鲈
3814,蕨
3815,俊
3816,鲦
3817,鳀
3818,隘
3819,畸
3820,鳖
3821,舅
3822,摞
3823,鹊
3824,殃
3825,龌
3826,龊
3827,嘀
3828,咕
3829,碛
3830,笞
3831,蜃
3832,酌
3833,γ
3834,撷
3835,黜
3836,噱
3837,钒
3838,玲
3839,捂
3840,荞
3841,陛
3842,孜
3843,藩
3844,睫
3845,汹
3846,敖
3847,骋
3848,峦
3849,鳝
3850,嘌
3851,呤
3852,嘧
3853,啶
3854,鹦
3855,鹉
3856,捋
3857,吮
3858,俾
3859,莺
3860,谙
3861,錫
3862,酰
3863,啰
3864,嗦
3865,別
3866,纨
3867,绔
3868,劈
3869,臌
3870,昰
3871,箸
3872,ㄧ
3873,徤
3874,¶
3875,弛
3876,圜
3877,伫
3878,術
3879,馮
3880,痤
3881,疣
3882,奚
3883,癖
3884,腑
3885,铎
3886,缎
3887,寇
3888,叟
3889,肽
3890,揍
3891,坳
3892,痂
3893,藜
3894,芦
3895,甾
3896,蒜
3897,茸
3898,戟
3899,燧
3900,魟
3901,噼
3902,嘶
3903,哉
3904,邱
3905,杓
3906,鹬
3907,涟
3908,漪
3909,肇
3910,掣
3911,筐
3912,喋
3913,奕
3914,蹒
3915,跚
3916,拄
3917,咋
3918,耦
3919,锇
3920,铀
3921,钍
3922,钾
3923,锝
3924,鳐
3925,踮
3926,溅
3927,铂
3928,瘸
3929,砾
3930,凋
3931,黒
3932,氓
3933,盹
3934,貘
3935,诣
3936,盥
3937,吭
3938,尉
3939,茲
3940,﻿
3941,蕙
3942,孪
3943,麼
3944,拣
3945,餘
3946,虱
3947,挟
3948,耿
3949,忱
3950,窖
3951,蜇
3952,嘭
3953,鲷
3954,罔
3955,惮
3956,惶
3957,堑
3958,葫
3959,搂
3960,厮
3961,沌
3962,將
3963,對
3964,後
3965,個
3966,戲
3967,碼
3968,愛
3969,戰
3970,摟
3971,試
3972,轉
3973,來
3974,點
3975,樣
3976,業
3977,這
3978,幹
3979,嗎
3980,盡
3981,計
3982,請
3983,現
3984,會
3985,難
3986,話
3987,連
3988,辦
3989,從
3990,帶
3991,優
3992,實
3993,強
3994,還
3995,貼
3996,須
3997,過
3998,兒
3999,檢
4000,應
4001,沒
4002,並
4003,該
4004,隨
4005,動
4006,撫
4007,覺
4008,篓
4009,乾
4010,坤
4011,吾
4012,憔
4013,悴
4014,蹿
4015,坯
4016,嚣
4017,賈
4018,壞
4019,贱
4020,槃
4021,琉
4022,臃
4023,∙
4024,嘞
4025,皙
4026,ē
4027,荻
4028,搡
4029,熨
4030,楞
4031,｢
4032,｣
4033,铋
4034,锑
4035,烃
4036,醣
4037,楠
4038,铿
4039,锵
4040,數
4041,萬
4042,沈
4043,绊
4044,砜
4045,
4046,垢
4047,熵
4048,卉
4049,钨
4050,渍
4051,彬
4052,哽
4053,觊
4054,觎
4055,í
4056,á
4057,豢
4058,骰
4059,珑
4060,瘟
4061,逞
4062,暸
4063,鞣
4064,钠
4065,菡
4066,驴
4067,峙
4068,摺
4069,鸩
4070,蘭
4071,蓋
4072,饕
4073,級
4074,飛
4075,類
4076,弑
4077,嗳
4078,撮
4079,炖
4080,啷
4081,闺
4082,茬
4083,撅
4084,拎
4085,掂
4086,眶
4087,锒
4088,骷
4089,髅
4090,绌
4091,嬴
4092,疙
4093,瘩
4094,诋
4095,傢
4096,俬
4097,嗒
4098,俭
4099,恣
4100,戎
4101,绯
4102,讷
4103,糜
4104,爛
4105,氣
4106,妲
4107,妠
4108,珐
4109,攝
4110,痼
4111,慑
4112,朔
4113,眺
4114,忖
4115,茛
4116,拗
4117,掖
4118,陲
4119,兑
4120,娓
4121,皈
4122,铐
4123,扈
4124,窿
4125,鹜
4126,螳
4127,镫
4128,湍
4129,哞
4130,痿
4131,猝
4132,髂
4133,鋶
4134,疥
4135,梨
4136,呦
4137,磋
4138,刽
4139,鲭
4140,鲱
4141,蜕
4142,鸥
4143,―
4144,掇
4145,攸
4146,硒
4147,醛
4148,缉
4149,嘟
4150,耘
4151,ö
4152,氘
4153,氚
4154,妊
4155,娠
4156,癮
4157,谩
4158,雹
4159,呎
4160,酩
4161,酊
4162,钼
4163,淤
4164,斡
4165,桁
4166,铣
4167,垛
4168,蹼
4169,娥
4170,邃
4171,巍
4172,榷
4173,檀
4174,糅
4175,孀
4176,勋
4177,垩
4178,蟎
4179,椴
4180,匱
4181,顏
4182,螫
4183,誊
4184,冶
4185,噜
4186,茏
4187,蟾
4188,蜍
4189,濶
4190,唰
4191,揽
4192,蹭
4193,仲
4194,丐
4195,钚
4196,噘
4197,谏
4198,羧
4199,阈
4200,ø
4201,帛
4202,驹
4203,祟
4204,椋
4205,淙
4206,釜
4207,豌
4208,蜀
4209,黍
4210,鲎
4211,冤
4212,媳
4213,仆
4214,車
4215,簸
4216,毡
4217,绰
4218,怂
4219,恿
4220,唆
4221,裡
4222,ï
4223,啜
4224,絡
4225,眇
4226,♡
4227,暄
4228,诬
4229,侥
4230,吝
4231,啬
4232,ω
4233,桡
4234,姚
4235,熠
4236,壬
4237,魄
4238,霆
4239,犷
4240,镖
4241,箔
4242,搔
4243,癢
4244,剀
4245,樊
4246,椽
4247,獠
4248,龛
4249,猞
4250,猁
4251,麋
4252,癣
4253,诘
4254,蓭
4255,曰
4256,玑
4257,匍
4258,匐
4259,剌
4260,痍
4261,秽
4262,捶
4263,戶
4264,５
4265,０
4266,*
4267,诲
4268,葩
4269,蛞
4270,蝓
4271,丫
4272,揪
4273,榕
4274,皎
4275,鸠
4276,镍
4277,铱
4278,狓
4279,庵
4280,昴
4281,梗
4282,嚓
4283,慵
4284,孺
4285,焉
4286,梢
4287,茴
4288,喑
4289,臻
4290,髻
4291,蛤
4292,岬
4293,佘
4294,√
4295,±
4296,硌
4297,轧
4298,咻
4299,镂
4300,吋
4301,嚎
4302,狒
4303,硼
4304,呯
4305,砧
4306,隼
4307,睑
4308,窦
4309,喳
4310,｀
4311,忒
4312,芸
4313,魯
4314,蔷
4315,谲
4316,觜
4317,柑
4318,姜
4319,矜
4320,啕
4321,＠
4322,恙
4323,嫖
4324,瘘
4325,苷
4326,翘
4327,赀
4328,瘴
4329,蜻
4330,蜓
4331,捱
4332,纭
4333,沁
4334,锏
4335,娆
4336,撵
4337,楕
4338,玺
4339,燎
4340,卯
4341,煜
4342,殷
4343,屹
4344,甥
4345,枣
4346,玥
4347,粕
4348,幺
4349,細
4350,榆
4351,門
4352,貝
4353,納
4354,鉄
4355,咧
4356,霞
4357,眷
4358,啧
4359,砒
4360,−
4361,豁
4362,劾
4363,缇
4364,訇
4365,钵
4366,膺
4367,蜥
4368,璧
4369,桉
4370,終
4371,毀
4372,龈
4373,脓
4374,诟
4375,泾
4376,渭
4377,郭
4378,浚
4379,漾
4380,荑
4381,寞
4382,铍
4383,苜
4384,蓿
4385,à
4386,吠
4387,​
4388,倔
4389,咚
4390,宋
4391,铬
4392,竽
4393,蜊
4394,葺
4395,捎
4396,搦
4397,啻
4398,喏
4399,杭
4400,坷
4401, 
4402,內
4403,滔
4404,娣
4405,艮
4406,鼹
4407,汝
4408,呻
4409,缧
4410,杵
4411,瑪
4412,麗
4413,亞
4414,離
4415,開
4416,埂
4417,寮
4418,岑
4419,疱
4420,蕃
4421,蚜
4422,蓉
4423,缨
4424,鞍
4425,驮
4426,ê
4427,阎
4428,桓
4429,萍
4430,桠
4431,铒
4432,秦
4433,郑
4434,踉
4435,惘
4436,雯
4437,馋
4438,淼
4439,袁
4440,ā
4441,骊
4442,嚯
4443,炙
4444,視
4445,場
4446,紅
4447,則
4448,勢
4449,豺
4450,墩
4451,鞘
4452,趸
4453,鲯
4454,鳅
4455,珂
4456,跻
4457,š
4458,耆
4459,馔
4460,釋
4461,師
4462,笋
4463,锣
4464,統
4465,蛔
4466,訴
4467,欸
4468,諾
4469,幫
4470,況
4471,钽
4472,钶
4473,鼯
4474,蹶
4475,袒
4476,蒿
4477,藝
4478,館
4479,č
4480,協
4481,鐘
4482,蛟
4483,漉
4484,姥
4485,镉
4486,螯
4487,碉
4488,畦
4489,禄
4490,轩
4491,轾
4492,睪
4493,铊
4494,闽
4495,圳
4496,铉
4497,瞟
4498,闰
4499,栉
4500,琵
4501,琶
4502,薮
4503,忐
4504,忑
4505,幡
4506,荚
4507,驗
4508,訊
4509,決
4510,廖
4511,惆
4512,怅
4513,託
4514,疸
4515,纰
4516,箍
4517,昇
4518,﹔
4519,﹕
4520,挐
4521,祂
4522,璨
4523,郝
4524,貴
4525,夠
4526,湎
4527,庐
4528,＋
4529,佝
4530,偻
4531,笺
4532,·
4533,睽
4534,獨
4535,駐
4536,遠
4537,處
4538,時
4539,隱
4540,腋
4541,铤
4542,偕
4543,濡
4544,斟
4545,魏
4546,尹
4547,胍
4548,弋
4549,汪
4550,邗
4551,骛
4552,侨
4553,梧
4554,踞
4555,粟
4556,幄
4557,鲶
4558,绻
4559,嗖
4560,圃
4561,噶
4562,汶
4563,媞
4564,價
4565,環
4566,驚
4567,爾
4568,礦
4569,採
4570,畫
4571,飽
4572,脅
4573,態
4574,荟
4575,怵
4576,鳏
4577,旮
4578,苇
4579,摹
4580,臼
4581,绺
4582,羌
4583,膦
4584,佰
4585,刋
4586,謝
4587,丶
4588,窑
4589,￼
4590,泮
4591,舀
4592,杳
4593,秸
4594,秆
4595,稹
4596,簟
4597,璞
4598,鰺
4599,鯨
4600,姬
4601,煦
4602,趔
4603,趄
4604,猕
4605,聖
4606,恬
4607,涓
4608,甭
4609,谑
4610,踹
4611,叽
4612,侩
4613,阙
4614,锆
4615,氙
4616,犒
4617,匝
4618,喽
4619,幾
4620,俢
4621,鐡
4622,札
4623,蜴
4624,蹚
4625,笆
4626,裨
4627,淮
4628,撸
4629,屯
4630,纣
4631,鹓
4632,鷉
4633,竺
4634,隻
4635,牆
4636,淨
4637,觸
4638,當
4639,裝
4640,皓
4641,漱
4642,骶
4643,媾
4644,蹉
4645,跎
4646,祛
4647,蘸
4648,俺
4649,邂
4650,逅
4651,芹
4652,霖
4653,７
4654,氪
4655,巿
4656,滿
4657,撂
4658,潺
4659,怦
4660,聿
4661,彦
4662,蝉
4663,缦
4664,８
4665,氖
4666,盤
4667,詈
4668,栈
4669,猥
4670,祗
4671,柢
4672,汩
4673,飕
4674,舛
4675,氰
4676,３
4677,６
4678,〉
4679,涣
4680,绉
4681,寢
4682,飚
4683,α
4684,θ
4685,組
4686,織
4687,^
4688,￥
4689,眸
4690,肱
4691,兩
4692,玆
4693,殒
4694,釆
4695,淸
4696,喹
4697,{
4698,徵
4699,赈
4700,蹬
4701,珞
4702,喱
4703,縮
4704,側
4705,脯
4706,讹
4707,罂
4708,诌
4709,诨
4710,長
4711,哝
4712,坼
4713,岌
4714,冽
4715,砥
4716,犄
4717,辘
4718,郞
4719,ñ
4720,邸
4721,袂
4722,耨
4723,¥
4724,苞
4725,擂
4726,锭
4727,岀
4728,黃
4729,婭
4730,徐
4731,寰
4732,隽
4733,阑
4734,▪
4735,哧
4736,樟
4737,嗪
4738,醚
4739,『
4740,』
4741,襁
4742,褓
4743,嗔
4744,诿
4745,靖
4746,認
4747,喬
4748,凖
4749,勞
4750,孛
4751,倆
4752,団
4753,埙
4754,讃
4755,萡
4756,谄
4757,搪
4758,嬗
4759,鸫
4760,區
4761,鹳
4762,狈
4763,荔
4764,楂
4765,焙
4766,苪
4767,壹
4768,莴
4769,苣
4770,＝
4771,仕
4772,汱
4773,惺
4774,腼
4775,腆
4776,樂
4777,蝮
4778,堰
4779,缛
4780,〈
4781,〔
4782,〕
4783,頓
4784,獒
4785,餮
4786,挹
4787,恫
4788,苑
4789,陕
4790,邹
4791,楣
4792,楦
4793,憨
4794,掬
4795,肛
4796,°
4797,æ
4798,¤
4799,å
4800,«
4801,
4802,Σ
4803,Ｃ
4804,電
4805,赝
4806,祕
4807,掸
4808,鼩
4809,遢
4810,螟
4811,堊
4812,紀
4813,間
4814,銥
4815,層
4816,氩
4817,犊
4818,柩
4819,蝾
4820,闩
4821,辊
4822,匾
4823,約
4824,粽
4825,萸
4826,ä
4827,锰
4828,ˎ
4829,嶙
4830,峋
4831,絮
4832,拚
4833,黔
4834,蓓
4835,袄
4836,榔
4837,ム
4838,ã
4839,喵
4840,囫
4841,囵
4842,坨
4843,弩
4844,庚
4845,機
4846,發
4847,葉
4848,傳
4849,見
4850,哌
4851,桤
4852,桦
4853,闳
4854,曦
4855,骁
4856,吆
4857,鸸
4858,鹋
4859,菅
4860,\
4861,〜
4862,黾
4863,遴
4864,娼
4865,髖
4866,狰
4867,狞
4868,赊
4869,φ
4870,戾
4871,嗐
4872,旯
4873,耙
4874,貓
4875,唛
4876,嫂
4877,嘩
4878,遽
4879,殁
4880,＜
4881,＞
4882,糠
4883,坩
4884,埚
4885,槐
4886,罅
4887,泗
4888,論
4889,埸
4890,铇
4891,羸
4892,戕
4893,夙
4894,迳
4895,吖
4896,跺
4897,挲
4898,隳
4899,鹈
4900,鹕
4901,遊
4902,卻
4903,創
4904,剛
4905,問
4906,＊
4907,東
4908,舜
4909,枘
4910,荨
4911,蜣
4912,溥
4913,冏
4914,淑
4915,偎
4916,噙
4917,泞
4918,釐
4919,Ｕ
4920,浬
4921,胼
4922,胝
4923,艄
4924,蠼
4925,螋
4926,÷
4927,櫃
4928,衝
4929,窸
4930,窣
4931,镊
4932,缰
4933,ě
4934,龅
4935,歐
4936,陽
4937,儀
4938,拋
4939,箩
4940,璀
4941,屌
4942,麸
4943,铨
4944,啁
4945,啾
4946,豔
4947,﹣
4948,儘
4949,樑
4950,懑
4951,℃
4952,奂
4953,雁
4954,惦
4955,橫
4956,鮮
4957,膈
4958,è
4959,阮
4960,剿
4961,|
4962,濑
4963, 
4964,唵
4965,妩
4966,́
4967,冢
4968,｛
4969,｝
4970,裱
4971,宮
4972,頸
4973,邝
4974,瘋
4975,玎
4976,噁
4977,﹒
4978,唁
4979,獲
4980,報
4981,诏
4982,莅
4983,暨
4984,唷
4985,篆
4986,芫
4987,荽
4988,嚅
4989,飨
4990,锲
4991,參
4992,與
4993,吽
4994,鯊
4995,翳
4996,帑
4997,尋
4998,箇
4999,憩
5000,绦
5001,鬃
5002,翡
5003,钣
5004,锃
5005,鹏
5006,辕
5007,躹
5008,擘
5009,尙
5010,眈
5011,抡
5012,钡
5013,囹
5014,圄
5015,ç
5016,無
5017,蕈
5018,適
5019,關
5020,興
5021,奮
5022,｡
5023,²
5024,璐
5025,詺
5026,極
5027,運
5028,烽
5029,砝
